mensaje_id,recurso_id,archivo,origen,asunto,fecha_reunion,fecha_descarga,estado,tipo,detalle
19f2039b707ecf09,attachment:ANGjdJ9pB5GkNc4MXtZ5mrJcpApqRAH2KdDANe7cCiwcLni4rLefkvSmnidN8KsYG1Y0jXKvxoEeJ0TdQ7QlzJqheqJCgdhy6iTIxYSzNCOK5PJUeI6AFvwzweUQ942wHOKXBVJf_jhxpby5CbXfa_Ata1I7qdQpnkC-R7kt3TtB64SJnW4CkiDNd62WfQX8xZsNdLkakEWZYQbTb5Wd5iuoRwgBxVKx3IIryHBakdpnU_uDVIjPK5g0hBkWU1B6NKgAIO5dVOUxM1hJMPmrVSlrGjZaqBJ-WPa7IPx4fxnw-TSks726pGbms5kVHMY3bk9l9RO0j5jzh5FWbXghwDRhlHhvJ8SNeyA0jdHRGk3gTNq33-CSr-mzW6sIyLbVcB1YyibVAQ7UxG6P5aP3,20260701_183513_meet_maestros_maestros_Registros_de_la_reunion__1_jul_2026_a_las_6_22_PM_CST.csv,adjunto_csv,[MEET MAESTROS] Asistencia procesada - Registros de la reunión: 1 jul 2026 a las 6:22 PM CST,01/07/2026,01/07/2026 18:35,descargado,maestros,CSV adjunto descargado
19f2031775ac2d12,attachment:ANGjdJ9RqDwka76apmZ-RlStxdh-LhRY8VJKooaUaipSOQfL45qfwvbi6tGmfNdIr2Lxv-Aw4NYERRXnBcC4KAHoOblBV0-yByp_MfokWCDQ2OwBmHNGKHp8N72FCyVaz0_aln1EMjCxMUYzfxcNZGSmfxNtTyDgl1rsBocotke0VsvnH_DhWYgp4oIkfrVZ4wzrNhPc_d_gABX7-eUlsDbdW53hKlr5kOWJxpZEIopaYk3C46p1JRSK1o3wpmcQ4VsvMpuIwNUnRXU5AmEETMw2pf6s8yp0O1GxrU4kNSAEdSQPc2WC3AJRc87rSVPMzFEQ_5wPuhaJHOBJhFGp8DCxg18RyMp5Wl0wnL4dOtbEQ4Y3wbFU1VEeRr5kNnI34GXchXdz1oSCsHFdzgjU,20260701_183513_meet_alumnos_alumnos_Registros_de_la_reunion__1_jul_2026_a_las_1_32_PM_CST.csv,adjunto_csv,[MEET ALUMNOS] Asistencia procesada - Registros de la reunión: 1 jul 2026 a las 1:32 PM CST,01/07/2026,01/07/2026 18:35,descargado,alumnos,CSV adjunto descargado
19f20316bfcc242b,attachment:ANGjdJ-52k7ZrrgYf2iDMsNpChyWHd8XXQipMa7F0t76pkFFDux7I6aLyE4uz13AwBAuWBDkQvD6fqHCiKHd8_Gkkb6fJhAXzD0D3klAZzrdNDAUgT1O4s9ne2IEA7SC3YubK6aZMlXqQ_G9x9YBWbc-NOy0Yk6s5vm1o6l-rBleFzOm-FbRE04qI38tPLC4GFy5xnySvfc-2FAZYsFWCFzyUyL6aHq1aZr5hZCOtRtyAzUXR1LeZfMSQyT7IeHO3weXTZ0rRXE275noUTcDFWGjaa_L1dmJPhOH0fOZLF7HyMsoAg12Uie9qmbMDkw07X5CUmEFyHS6R6GbG7srzG7J1TUCegpOrjlqRJ9grovN-w59zTr74EUfSy07MnXHr8c7vFu4VLc5Pc0_smDN,20260701_183513_meet_alumnos_alumnos_Registros_de_la_reunion__1_jul_2026_a_las_1_40_PM_CST.csv,adjunto_csv,[MEET ALUMNOS] Asistencia procesada - Registros de la reunión: 1 jul 2026 a las 1:40 PM CST,01/07/2026,01/07/2026 18:35,descargado,alumnos,CSV adjunto descargado
19f20315ef0c125a,attachment:ANGjdJ8m2W17UWWtyOogBJfSa0EjQK-_3R_47U_p4M5uJcKqzFQjOz-giFpZ6KlQsFahJRVbFOmMX3LK-rxTZ8Gn1kMJbXLbr3hfHgUAxf9fA9HqWBojGMqUBt7cNEmP_EMU0qnMBf0mUzQEmDa-K70Xs8Fly8LW6XWQlQd4asZ4eOvzgyMOMgka6h9DPg5vHbdXQgSpYBDog9FV28Sy912kGFqaDNHwovwVN122wgo_kpHNmUjaiNtfJIXJX_fbheVw1eVS54an7u4N9pewQyrAxVAofUuC5uWDpmSa_8JHAQoxkVuIcupgcgJRnglaZ4hsFc12O-9HbWPGCtWXAq6Q8wKyj8FVb3ENzJsSiqac1PQ4be0WpY4zhZUWNIuJoPBp-1aSQLb21IInLupD,20260701_183514_meet_alumnos_alumnos_Registros_de_la_reunion__1_jul_2026_a_las_4_58_PM_CST.csv,adjunto_csv,[MEET ALUMNOS] Asistencia procesada - Registros de la reunión: 1 jul 2026 a las 4:58 PM CST,01/07/2026,01/07/2026 18:35,descargado,alumnos,CSV adjunto descargado
19f203156652e7d3,attachment:ANGjdJ8gQ0FiUsMK7O_ZmefJLzR32JbkXFKVsNmSI6u1Vzdo4QopyDoRCLP18653U0yIH4uC3ny-rhXpwe9PCqmqb8360z8KOgCNY0XHAbYxFWGIns_ibm4ZHqyO-q4nKqwKLO7wP2UNcQQQ5Q44zXz9CTFe90SWa-vK5WaDVin3xkcqdYN_v6RIcDgoDKT9ibwqPf13B_VIFEBED0QalCBmPVyZovK6eDYrvM1KTDp7uLKioQOEfQJTa_dL6jTMmpV7ipNKTvO2tgPy0K-YbJnBE-16b7VvTBsOFhZf3dxYD_2JR320r6ZG7skoMwOdAVknxiU-p0kWplDL9TbiL3VMWvwhh7qoZMTNRyj2IWKnhSJUyhQJ-z2bwAqecSB8iiH77J9oz0LhlVrUS1hY,20260701_183514_meet_alumnos_alumnos_Registros_de_la_reunion__1_jul_2026_a_las_5_06_PM_CST.csv,adjunto_csv,[MEET ALUMNOS] Asistencia procesada - Registros de la reunión: 1 jul 2026 a las 5:06 PM CST,01/07/2026,01/07/2026 18:35,descargado,alumnos,CSV adjunto descargado
19f20314ad3bf3a9,attachment:ANGjdJ8tDm8lQCOd5G_swrcEZbP5KyKH8Jagea4pVr74X9aFTYYPzYuGIoJapglp5sMfNa6ghmCh5wVOhKkiDRSCFnzoV9u1ttUyXi0U9zp_g96T5fFyfTl5AMphf5Uj8PLbQgJ0nbnmWjMj7XP6O4GiEHeMGt_i-c9QCQGI0UnXIAUF2VB1gMWKtWow4fH6n5vqS8JDr1KiljNEEhBtS_2IsvBS93ssAd-HS8Us8AAbUpW-AfRjywPcgjXwPwWPhZj-pm7_v2xpK8KT_IllhzhFJUzEItq6ZlNc0i6r5TpmRvRrOjkBiQ6RaxSrBxXZkl-EVLvEungo9GFscNuW6Op9Bro49TvtsxNZ631TUdDYM_fWbClshxKJsSR-9mAzVLpr89Ujh2BO0-ZTebMU,20260701_183515_meet_alumnos_alumnos_Registros_de_la_reunion__1_jul_2026_a_las_5_10_PM_CST.csv,adjunto_csv,[MEET ALUMNOS] Asistencia procesada - Registros de la reunión: 1 jul 2026 a las 5:10 PM CST,01/07/2026,01/07/2026 18:35,descargado,alumnos,CSV adjunto descargado
19f203143dea21e3,attachment:ANGjdJ_gQlKg1iY6KItAjWdsTELa4QK0G3e_weRSxlurYHPwoFV8opzDv_RQWaAEoFqYSQRKRBCgPOH91q0-nBvnWGBe2xo1RVEXZOW-yjvvaqURPkFYzqikjKhaSXgfW5e-cOg03Gs-eX9ODQgytvGNJiljaXDCHuJVosVNVaB3vR6QRMUVgNNiUFb24xUg6B24bq_ZV4iUz9gYy5NYmT-u3FPARHpHeYtQU00vE6N98TjO0yBvTsnzu3py25-Rvg2kXOnIgiDd8C6c2c5GEOLazPSXuBSD_kQWZymjON-njDjIdO-02O7mVoqHEu2DZoaBSDW1ip7KGfxG-lSxc1jus3DHqard3IZyF7vUmmvTmfGS_Mc82A85bwCiK6XIhaVNTwicWM8iRjIq_Fe4,20260701_183515_meet_alumnos_alumnos_Registros_de_la_reunion__1_jul_2026_a_las_5_50_PM_CST.csv,adjunto_csv,[MEET ALUMNOS] Asistencia procesada - Registros de la reunión: 1 jul 2026 a las 5:50 PM CST,01/07/2026,01/07/2026 18:35,descargado,alumnos,CSV adjunto descargado
19f203137bd4cd03,attachment:ANGjdJ-yKcr1a8t_c1MLoxBYdIV7SjA1Vzj-HsNSPikvdSM-30Pm8QFmfqF_JvEs1MAWS84z2hxTwZUBQK_czzqye4ihAcIsCI-ZAxWWHNplqigVDdPseNRRdCQDZo-lo6HXVJVi3eR8nytQp6feB1iEZ1WHoNKGcOX8FQTuXGowBuN_7vMehJ61evp_RwN4CodG8EJCKXKoqeZBqjdS4Ipc7e7S-pw6AAOMyzHUGl5KNpRYdLqKRhRGYhOZJJ0iEPXg_b92iL0dCe3ShVsYehHIMh10jL8c0Fn1_z6ppKOoOAPgubK1-IxXQJZVzrj3awWjBQ3na_QslsqLoTtyUOWBMdx-sVQtHfCQgD_tPSUimbZC8HkpqC1Hht350MF7fI2MLSC_YNrGJUgiXNWD,20260701_183515_meet_alumnos_alumnos_Registros_de_la_reunion__1_jul_2026_a_las_5_53_PM_CST.csv,adjunto_csv,[MEET ALUMNOS] Asistencia procesada - Registros de la reunión: 1 jul 2026 a las 5:53 PM CST,01/07/2026,01/07/2026 18:35,descargado,alumnos,CSV adjunto descargado
19f20312a36b5ad0,attachment:ANGjdJ8cTlwz1_bMxWulcrymH2bKEw5KteLz2KJCK7N_nHzVhVQxRdSZbe2aRcLi2LX6EaHZUaX2BFBVqHZVMrVjZ-QUrkG45o3xdXo-Uq64Fx3jHp-o4duanLKlXxWpy_aDG44jrJudGU6SNLVGeq2yIWLXIithML4yeih3AL3MP0nG-oDCD-u1sR7IWXmCB10A7QiPxrxCdQ1RG5oXjqze3Ck_RvaTFvuvk1zBGvRouLdKkRK2C_osF7sAv8QUuDctlr8s45Sgm7PbBIH0tasn8cE9uE88CYJH5j6XAV9OD6cm-Ee66rqCbQ4t4SA5TnDOWDDxSNL-ljd_vE71qf0TfIpPOPD5cGXyVrwG3hFqeCp-cHyeO7CA8nSHTNAYsBETIsRWWT_ROxoUBaCO,20260701_183516_meet_alumnos_alumnos_Registros_de_la_reunion__1_jul_2026_a_las_5_58_PM_CST.csv,adjunto_csv,[MEET ALUMNOS] Asistencia procesada - Registros de la reunión: 1 jul 2026 a las 5:58 PM CST,01/07/2026,01/07/2026 18:35,descargado,alumnos,CSV adjunto descargado
19f20252b61230be,attachment:ANGjdJ-Y-LRFON15OWr6NDxJa_8aHoMNT4YeUC5nAUmHn8aakLRx7j5crQWK8QJ2SgcGvI-o_iKv9SRiWjSIEj7EN6CnPv2KlJ5PxlQR0kGVV77ta-1uKL1ZkJF0Zmev5T_wpDn5Eane404XZ1W4_wW3bLnJ3lR3V35umpx49HslwkbXVn0flxYi064jbz59w84FBNOAt8J4c8BCgduN1b8ABa_dzfayHJ3XvZtfoJjIrU72tPsFBfdlKf3t2gI_geo0ymBpYz17WfTEw29RfBfZuoeCuUSQUudUPwYrPXum14lgOUMLbBevadPzP1rhZc1n61nyxuPdmw7pCWqwelv_9MYs-_n-RbAFqbjswQqDVpO-bs4MSeQH6zk6ocnyMfVxjudMDgt0J495mbq3,20260701_183516_meet_alumnos_Registros_de_la_reunion__1_jul_2026_a_las_1_32_PM_CST.csv,adjunto_csv,[MEET ALUMNOS] Asistencia procesada - Registros de la reunión: 1 jul 2026 a las 1:32 PM CST,01/07/2026,01/07/2026 18:35,descargado,alumnos,CSV adjunto descargado
19f2025213d5bc98,attachment:ANGjdJ-X-Nqa6TpGhFJbv5aXzciXDq81HlBimJcYHALKte1AZpVg5ZBogsRrhNl4q8deApWpKfEtqOwjP1r9EE0EcoNJBlph8c8eJ_uqEVEahqC9Wi4EcafQcP8vIJcw3NQkLwa53QIJ_YjdHB4ktB1_684nosqkr3fZmcaYRcv3n77GuhwvJcR72q918o7rsSbZomh7wVB4UBLRB1jNu2-OcOANb7-Rcpu5-TJVk-1m13UUvWpiBciMrNPSjTWtrVI83jrWqjhLUF0FxOpeZAA81ybf3exyi-2H-KbnaHTHb0dD2O0PunSicW4D0RA_ptIhMuy8JH76SQoIZHlKxojFz2jr7N3YUyph8Y_Salk9FB9YvHon7b7hWSzNCIoN7Yyh0NBXyW0Z8O7ui5VR,20260701_183517_meet_alumnos_Registros_de_la_reunion__1_jul_2026_a_las_1_40_PM_CST.csv,adjunto_csv,[MEET ALUMNOS] Asistencia procesada - Registros de la reunión: 1 jul 2026 a las 1:40 PM CST,01/07/2026,01/07/2026 18:35,descargado,alumnos,CSV adjunto descargado
19f2025176e50683,attachment:ANGjdJ8yGs6lns1k9WQujhtH1a06KORkAXGDlmFoqTlrxTFFlU1dxk0Y5f1apfk_sgIcxZd51taKB7pHK0DYxVbjGJKZURTGIvrAU2QV3lVl38oo5rjnBMd8Gee2Q30OGGO43BiADRfIuK75pjEZJC0JdndjN5tihQwGi-DFYbjJVdQfy-oI9LQfKo7TqF78ICCcGUzqwLoYMETjzFC_8rfNEt0kfe30V9Xgz6luJvlGRZbkFWXiaxs11hpsHZge30PdBfQ8gbi4oKvKJVEBFROjenU4XLsVRr0BKm7czDOPX2953fVPqGekgZHxIkIICU0-cA8mEWp3N1Zpbuq5keGPJTn4UBT4E_6UrH26VgkdHFx3xdiEcEdJUl5ewSeuKoYIZfSQysQATjHFZ_bT,20260701_183517_meet_alumnos_Registros_de_la_reunion__1_jul_2026_a_las_4_58_PM_CST.csv,adjunto_csv,[MEET ALUMNOS] Asistencia procesada - Registros de la reunión: 1 jul 2026 a las 4:58 PM CST,01/07/2026,01/07/2026 18:35,descargado,alumnos,CSV adjunto descargado
19f20250dbf98423,attachment:ANGjdJ-PMdmojTrTgLQoSV3EVp-Jn4x4UV-nBw5bsh3vgVJ-_WHNNMLRqqFSFhASOdkx5mGAvZDfxEcmvlM7X2ZStzQHe57WuwpO3iuI7VFuiptQtEn-_6OUezb_m4CMXPJENSf0uuOanVZpEJ0cZ4zRNDWwnPhG5o4pnpYlvaNR0VnXjUaLaEEVZ5sD_ejh43JGSre62gqYXHtBdfHJVHo4Zi7BaSnfkkswxB7ZQxGCOmy5FXyyEii1-tCd6AWX8CAkKACr75NI9jVXCZWpPA43tBx5U89Zld8gc8XqWGEcl4AIOn5THhpLxLPFw9-tYQAVJ7KrJHAsqHPJ5wuQ9K0ec3wDHBoHxCM-5tzG6_dQ1Y7GjtOBvfhV1IPRD4P2b1A9gB5vMrb-hANZk4v3,20260701_183517_meet_alumnos_Registros_de_la_reunion__1_jul_2026_a_las_5_06_PM_CST.csv,adjunto_csv,[MEET ALUMNOS] Asistencia procesada - Registros de la reunión: 1 jul 2026 a las 5:06 PM CST,01/07/2026,01/07/2026 18:35,descargado,alumnos,CSV adjunto descargado
19f2025015be8ec6,attachment:ANGjdJ8VdgYooPYnznAzZQgrXI4nXr07hZFzYoH1dPIpfg8OvKHnDnwrhgtRV_j19W1IGgJdUxBbUx1kLh01rC6or71BOdoyA4s8TVL_wzCNp9bLWr1lbI07pDW8zKZbBacb7_HDP-F5VW0hKyigSUVLmVphVK64zNI7UjUD3dvXWpkjntiyaWfzM1cx8M--X0nKLmnU3m0eHfpPJxN8sQGujwd6lFN-aF9p4FWt11MVJ9MG0MfJ6jGW_5nxMWhvMmnPBxuQ4Q_vOWsTBh4bHRk1uqlOAG6BUaKox44zyVMLqmoFn6uWeoHNmR-cxWG37pGmfHXQKID8Zu8eWUyQ3TX7ioVbflbN453rtlU9x--i3dRcEj5Gi17PwDJ0gW1mb3UzkdqGc1-ALIC06-tg,20260701_183518_meet_alumnos_Registros_de_la_reunion__1_jul_2026_a_las_5_10_PM_CST.csv,adjunto_csv,[MEET ALUMNOS] Asistencia procesada - Registros de la reunión: 1 jul 2026 a las 5:10 PM CST,01/07/2026,01/07/2026 18:35,descargado,alumnos,CSV adjunto descargado
19f2024f973e86b8,attachment:ANGjdJ-RqyMR36RQvkc8Xu2n81mjS9WHnRWCqVs7fwzW9fO76da6GecDYLZW8qeU-SKLsOlyIc-ZGTvFiTxJ2FVKkmIFiaAeKO-ENIMFDFqfK4zhGjw7RGpsKMz6qGNaDgVAhmwsSZN6ffeo_bW6nFl8oOwxazl8u2pds2FweqXkY_KGXarMGMQuDJlx8zLASDYSVQLI2b6Thr-2EQ5Xq7UYAGmgx5BoX0-23CDoAd8Iop8aTnyrZYQw45uLPqjiaBmz1TxfVR9jvCy_CGFC1JCdbvmWalOqyqJcLy8PMGOFgYx_wnx4uU8TJH4mUdNZGgfwgT20eoA2187l0yAnAXxZ1LzANYAuxwt1Iis_bUAYamrF4RKFkEGFJYbO4mHbqZYhMpWA89IDouBVWSLP,20260701_183518_meet_alumnos_Registros_de_la_reunion__1_jul_2026_a_las_5_50_PM_CST.csv,adjunto_csv,[MEET ALUMNOS] Asistencia procesada - Registros de la reunión: 1 jul 2026 a las 5:50 PM CST,01/07/2026,01/07/2026 18:35,descargado,alumnos,CSV adjunto descargado
19f2024ed550b583,attachment:ANGjdJ9kqBo39zbRpZNJYNQZiEE9lOsfQZxEPw953JIwtHb20qukFElQnRi5oGwLJcYhd40BuouY4Bm-SxVY5rUJ6wsv6AW0JWhCTa-3Ob6TQ74y-fOioSfG32QyPQHcD304KIO8PoIcZAqcObG1LGrt9MUukEBBIe7LV2JnX4TiIuHvZ3KPxOYH8DmRMme0lnb5zl4hgFSat0vULcN5bDUcK0QjnmfF_qeOSsXEo9-UbcP7xwcC8C3uPG5-mo409EU_B3TdfLDlbr4p49mMFFcWkZEFp0E8MtGKIAWm4-JdRayo8nTPq9nVINGpr5_ZUkfTGd3BCvzJ_qrlaYY_Wxg0RyyU1koShIeiDq7h-oF1lodfAsMcDbByuZ-JQ-D5WgTST6WK4EDeK_7p0cOj,20260701_183519_meet_alumnos_Registros_de_la_reunion__1_jul_2026_a_las_5_53_PM_CST.csv,adjunto_csv,[MEET ALUMNOS] Asistencia procesada - Registros de la reunión: 1 jul 2026 a las 5:53 PM CST,01/07/2026,01/07/2026 18:35,descargado,alumnos,CSV adjunto descargado
19f2039b707ecf09,attachment:ANGjdJ8jaGwPF5Q4YuhJg-6zmozKIbQsqkFt6EtWNaZwoAXMN-nBHng67wGWotvJPV9CVf2xPNb5MZpmXT_fIOlN_z7gGX_ak8knNBMxPZGyyzG-GX_Eome4ZqAsGUI04orkjVON7lzPe3zU0-Yc-P_CS-omPxHQf2onpRyIqYEySrKECs9ZElMwCTlFN23SV9JCtA-M0Ibg_a_3ZFGFT8WUcb8WRXmWjU9ACnL3zDLezAPJ8-09shAipW_cexD4xkugi2Vkpw4NDCB5j3NGuzpCZt9riOCqycCfe0NbUfco7Otr_pEQWQiW75PHgjj8jHd-O2BPWv25t3bU1bzzfV272Xf2hIxsbjU3bQn1FS9c9Jvo1k7i9sA567jJwbtvdLaM72RJ1nzo_hwYvG6a,20260701_184000_meet_maestros_maestros_Registros_de_la_reunion__1_jul_2026_a_las_6_22_PM_CST.csv,adjunto_csv,[MEET MAESTROS] Asistencia procesada - Registros de la reunión: 1 jul 2026 a las 6:22 PM CST,01/07/2026,01/07/2026 18:40,descargado,maestros,CSV adjunto descargado
19f2031775ac2d12,attachment:ANGjdJ8Y-8X-Ktz8T2BVHywXBrPTCM4RvFNYMzQeN_I2W2VureKc4_ef22r7caPRGtgs3JOKaU6ZhuwJVSb33r7W-NBq94Zy-lEM-05aQ81Ks65qS5IJ_jMMFMqFCNI4wZN8lpdLLIp9TZCmgLy22r4fM4wFuj7X8kHDm6TzZSfhC2il5oy6sD6yisRU8uo_qOqFREHC5gOCDAaauNeVioKIJDXFBSsFSFhcz6Sk-_4vb67QQhg044z103V5DTKcnmxylinlSo_HVdWtnEWuYBO1QiylsapWESiLhB5IBVbCViHxSV3MX2lVzQPtbkUq69HDcw9FJ6x6I2EfJG5iuGeBTJ73vyj1sPjLrdZw6obJtEm8_jR-46GgtyWwAluoS4vxeFi1NSVMw3DUqZWw,20260701_184001_meet_alumnos_alumnos_Registros_de_la_reunion__1_jul_2026_a_las_1_32_PM_CST.csv,adjunto_csv,[MEET ALUMNOS] Asistencia procesada - Registros de la reunión: 1 jul 2026 a las 1:32 PM CST,01/07/2026,01/07/2026 18:40,descargado,alumnos,CSV adjunto descargado
19f20316bfcc242b,attachment:ANGjdJ_qanwot0xAWIO1dhU5wYbnEelhT9aFvbtT0OOE06p_U6QkGvfMnIjtnLZBi5MDn7OKsfrAWsWghJOFLfiB6wRFeuNqUnpLlcIPKNx5AfEHZM9B5rbN41gWi9MlHxTxKQEPMRlPqFkPybN0GtDaXnSAa7SxeV6WEtC6V-LWoK-UKr7O9C-hEUH5Vxu9afnnJyVuP9xlLcKKa7IVyp-F2d1xk0VTeB6MgvdJBzTe1mw00S4z6TfPylge2kq3O5kR8ETQ-Y2e0YGBp3aMH2XyakGEjmB4yp1uMkj4Oip9Z_-tVwcnsQlGXgWV2_bVqIMw96f3HFNO0AmU1yKCISqGwbVBK9fXb9QUX6uIPH2FVS7inK6T0UWEhC5Yc2WMEkA2-QO8cAM_tK6TyvhG,20260701_184001_meet_alumnos_alumnos_Registros_de_la_reunion__1_jul_2026_a_las_1_40_PM_CST.csv,adjunto_csv,[MEET ALUMNOS] Asistencia procesada - Registros de la reunión: 1 jul 2026 a las 1:40 PM CST,01/07/2026,01/07/2026 18:40,descargado,alumnos,CSV adjunto descargado
19f20315ef0c125a,attachment:ANGjdJ_ByzOr4l3SgKzsWfklE1g3ZjsyasCKst69xXItv87yJBss7fl2nGvn5d4o5qHGpJFXea3pylTRfqer9xVebQrzevAPS2ZBbzValt1OC8aKJHaluLZ8nB3Ln2rSSCBNI7spMhc5DQfKQb90yT2bf4j9jnySj1-CgdvRw9fO2UPdIWJCqEB5y4PuDiQrECpYIC3lNq2rYV61fBzWwnOJZ9ETJviYdmFKN3bdADNek_9c5tmyMP2OCkkuR1UehRf3sbzzd9RnkYc6GinTt88jonZ26CqRwORepnfaD6ZQBSeJpdoytdLCPXnLIggkl43v7sY6Wa9OyFtaMrmamSL61RIo8UWdO78KV8cKXE6BjhhIBny8tU8O3uS3doWw6ppVlPDLfsu-rfx9_hJB,20260701_184002_meet_alumnos_alumnos_Registros_de_la_reunion__1_jul_2026_a_las_4_58_PM_CST.csv,adjunto_csv,[MEET ALUMNOS] Asistencia procesada - Registros de la reunión: 1 jul 2026 a las 4:58 PM CST,01/07/2026,01/07/2026 18:40,descargado,alumnos,CSV adjunto descargado
19f203156652e7d3,attachment:ANGjdJ8bm5dfhmaiE4sz2GeWRT0lX4z8BH_Y6QFXhCHZGT2JRgg_XQj1cqkRdxzCFIqGIXbxbdH1fA0QyPq3e1vqMGlqYbqhXacR9ix1V2kfvTPLTIsgau1PJTUcw_LYwfLcCoHabnzeVnjNEheCePt18gVXRr3wnRh0az8_PXormI-boFh7KMyygd3IrPLzXQVc7yD-7zUkB0Nb1Z-7Bg8FC4eTd6C7QAWINW3wg8AKIWSEhEwABo9NMMccvPQz8VbZ7Czay6epVy-ZDeVJATGpWdkT6G47_1LOjTBR0U9vJzc6-u3WQ_Wjh9KkTEUR8AjspN92zw4zmoM1tXwsLcnNiLyw71p92Wf_ppqryyVIwFFyYpJQC346PdKl-GkaOS-uCMqVfUzIIeGYwDKg,20260701_184002_meet_alumnos_alumnos_Registros_de_la_reunion__1_jul_2026_a_las_5_06_PM_CST.csv,adjunto_csv,[MEET ALUMNOS] Asistencia procesada - Registros de la reunión: 1 jul 2026 a las 5:06 PM CST,01/07/2026,01/07/2026 18:40,descargado,alumnos,CSV adjunto descargado
19f20314ad3bf3a9,attachment:ANGjdJ_iHcQfzjjCYovt3C1K0ZiYYBiShr2hC1QIpJ2407UZGxyB_3uIkqMwa6jfi99uELRlVJnXs942bRuweFg7QsmYeEitg2wqfG5F6rRuMbnfyLt1nsH-9UeJFFIMpijLcjm6xkaTD1xpO0XVg2KJtFp7vD3Aojgt-Yi8GZqIJY8f_AcCaXvpZrZIBLj7NPhpR8F6JEx181yLxPXHAKVIsh04MjXCdHzvjITyxOv8ykUMCKIw6599X8iuMmP5zSvd6tBvV9I8mixtq8EbxYxt0nFSdW9c3N_4Q7kaXeq6m1R-QZ_I4RJbyUrj94V0zaE3gVnPmc9Zw7ErbXNw1Ie6BSoneTC1q-Ja8wE4ZkQggy1-yiGVvE1W6XC4s3t6dmCTYgDVaZ4YbNI4uqEx,20260701_184002_meet_alumnos_alumnos_Registros_de_la_reunion__1_jul_2026_a_las_5_10_PM_CST.csv,adjunto_csv,[MEET ALUMNOS] Asistencia procesada - Registros de la reunión: 1 jul 2026 a las 5:10 PM CST,01/07/2026,01/07/2026 18:40,descargado,alumnos,CSV adjunto descargado
19f203143dea21e3,attachment:ANGjdJ--1RTLyTY5m2FKu_dQuSliA9IaI-5-31g56ZY0Gz6iqlkO5pvui8mYFt5rCKeBKApGwEIRoDEuc0q8HCTM9q5rjMcZ6lJLzL7iizCICFc-EvK2neh-mWufZzq394Db4pdyRp_Sm8hbfEHpl2F30_SQiEA0HD9muFDy7TjK6fe509LKyMsIwih1fGja6UHe1JICWTlsH6M0BBxPIg1i7UsbyK7a3gpMU6zsPr_GxRd5L2lxw72DF8aXDnW0F4xwoUbok7YgoWtMf7Mg0A-zcIbV-rkfrGOuJ_gNFQgJ7GCJQglpt8Cex5-boJHXLfkQMJpcQQq9YxqY5O0TLF42bNAZcO8E3VSgb10OYSNDfSoS0OSGbpw-2IEmTrG1XL01NWLiK0RtsQOZV9ZT,20260701_184003_meet_alumnos_alumnos_Registros_de_la_reunion__1_jul_2026_a_las_5_50_PM_CST.csv,adjunto_csv,[MEET ALUMNOS] Asistencia procesada - Registros de la reunión: 1 jul 2026 a las 5:50 PM CST,01/07/2026,01/07/2026 18:40,descargado,alumnos,CSV adjunto descargado
19f203137bd4cd03,attachment:ANGjdJ9XeMfeGDLKvdWa3GWHysNDbHLvUE2KjzJnDe6p354BcNKQr9rESaUHjrHyI0lSujIcCn1FZnex3iAfsCEq20qG6M1u1zBX6fLxAjAoZKWrT3eOXnFDjO0ocJjn9PdlNe-clw-TIzrv6ALxjo-mSS0JF2de71LAs9KZ74dKFh_QH2zdMce2o0PmkjMn8quXWLzl6jvMVt8Zz8ligrJlc9pUa_oddiP9N8QxPs7up11DLiGq3V0LiR5BwGsnuP7yGF9SR_Wm90CzQwZYHiX4cQt8yvVWgIlnQZKmoeR_UiHwo6uzOgDwI3bpxjCnjZwYYgimvWTv-ZY3vtbHGnRVUn3xMWV82nhfe1wfu0d0xHe_VyX0hM9PW6nMj_UGPlvpqVG5ooLVJlxz9TbN,20260701_184003_meet_alumnos_alumnos_Registros_de_la_reunion__1_jul_2026_a_las_5_53_PM_CST.csv,adjunto_csv,[MEET ALUMNOS] Asistencia procesada - Registros de la reunión: 1 jul 2026 a las 5:53 PM CST,01/07/2026,01/07/2026 18:40,descargado,alumnos,CSV adjunto descargado
19f20312a36b5ad0,attachment:ANGjdJ_03w44mHp80YEjFzf5nKi8NtlarLHw1VLN1xFtqd7q4cAma614fvqyOjuuUzKszxgooB8Em964U-fyJQK6Dz2qWYFSly12cFCMiedHk7ZhknZu6R1CgrF_w_bC1WTo3O1MD2IS6zbRjWz0YN6traFV6V5XDpccMw1KNesTbE0T6meBD7p5gpUbEC4uvKGbuk316afT1bnC3kkC-ByawdJikflMs_Wp6DQ_wfn5p27enyuFJHNg_mOb6oQs7mzXj0iSR0lBkGW37E8IZl5CqY48-8E5CCjVz7O1HSk37grMv4u3zls72vAzkk12ejSHUEAkENJQ1n2UpOsfeF66PWFZOUcxz1yZZiqkCYlAqNOyZmsMmDtdN4LbqUqlcQim3gMBdDRjVNe4NFW3,20260701_184003_meet_alumnos_alumnos_Registros_de_la_reunion__1_jul_2026_a_las_5_58_PM_CST.csv,adjunto_csv,[MEET ALUMNOS] Asistencia procesada - Registros de la reunión: 1 jul 2026 a las 5:58 PM CST,01/07/2026,01/07/2026 18:40,descargado,alumnos,CSV adjunto descargado
19f20252b61230be,attachment:ANGjdJ-3tswMhmIXITr502PTHyCE-D_qfJRVVJmxCTFMG06OPOYU0A5-bA-kIrnwdb92KzRSy1eV4pmFTmKhdwL7505GBB5q4yInwis7QXiPhIRLT10f__aYVRWhCvD9b42gdlBJVj9DUnByuajWcr3rHi_FSF1buj3nhs0hsqdC1CUsKXH8sbHNatC1XSdkjaTVclx0wrdxNGRs_QQpKyEiaySQXt4pFEIoun_r0PJsN4dbbnZNb_aaD1kgnltv-gmBggJOgJDbvl6wapN_LIycBkZ9qoJUIUgNBKLHUPMG64pyrbnSkC3wcOgb2vnePmo5hmd7Tkb_pf8QpW7NMpVxYb0vkWYkIxu68cp9xAnnSpprUBDY39inrqZZPT-TMLFRMw992brXaafsD62s,20260701_184004_meet_alumnos_Registros_de_la_reunion__1_jul_2026_a_las_1_32_PM_CST.csv,adjunto_csv,[MEET ALUMNOS] Asistencia procesada - Registros de la reunión: 1 jul 2026 a las 1:32 PM CST,01/07/2026,01/07/2026 18:40,descargado,alumnos,CSV adjunto descargado
19f2025213d5bc98,attachment:ANGjdJ-TC2hSEbbb573TRWZFn7rKj4z4lE-T2o4DWcFV3CYNkjZNet0zQROs-0pI7ScaRHd8OPBkhPgB1HLdke8KjHxcpyBp-et_3_2Nez0YwiNcrqFDoQZ_t6VV9eeAHfUqTd1gkV8C9iwcsjM60qBHcYCKaGM238Qz-A7UVQWVnzISKMBscPovcEa7WzHrsbXA5r-tk_9ruj7C5Y5XE_TvjrKZWMnghuRTKmVsLxunasVMIDd9lB5SPtiNvHbsVcM-0_9wHJK-1pgWoZCtG-AESKmpiST9GCRZ3MI3gTYHZI1jqcdT4_0H42W560teZk8aqQrbupk065qwWiqH61GSgSTGaJ3I1bnG7egQdfMNzY354lUW05NOGwoxWDQNr4We20crxpQAbOO5sD-s,20260701_184004_meet_alumnos_Registros_de_la_reunion__1_jul_2026_a_las_1_40_PM_CST.csv,adjunto_csv,[MEET ALUMNOS] Asistencia procesada - Registros de la reunión: 1 jul 2026 a las 1:40 PM CST,01/07/2026,01/07/2026 18:40,descargado,alumnos,CSV adjunto descargado
19f2025176e50683,attachment:ANGjdJ9MxWVxWMmKvNPt-bp4Ka2UGaeJXI2G3cKPDF2RHannu_rgVvcxUfurpI149LEf9sSqDXDfnAdmxSfDtM44rdS43_tmJjDs1vIsmPwFye8l83kYu53FgzvdAv7bf8dal0gd9c2ZcGtlltzoXAhKBijgpQtZ16fciLz2qrRAWVpermpE57EgNL-Kp4Uhx0m-67wJxmRA2JhlQ3eMSRclJSVVy_FILdIsHuB1Lshgm3jhp36V7GgWNEXkISdtSrpEx6S2TJWKjDwiAVe5S2ngguV8x5CDE-40q5WHg9Zt805LkWSCdOjdfdFSJlyMUPJ8fJG9FV1bTfUQSSzC1JWZ1P-Fx1KoCZAD3g5H3vbTECZkBTu8OjcE328q-sp_E52ewi7Z-Av-lTc6XpRg,20260701_184005_meet_alumnos_Registros_de_la_reunion__1_jul_2026_a_las_4_58_PM_CST.csv,adjunto_csv,[MEET ALUMNOS] Asistencia procesada - Registros de la reunión: 1 jul 2026 a las 4:58 PM CST,01/07/2026,01/07/2026 18:40,descargado,alumnos,CSV adjunto descargado
19f20250dbf98423,attachment:ANGjdJ95lLX0doIY3ZZlCL0vgzcXmLHLFRB1SF7n1WVMxbhIiL76Vbb3-IoBaVYJTCfq44wUnqb5TfMM8FgO1teuypOGMARi6fFBt9kU2G-IFhxzfev_y0hN_hHzFETjvQL61Q5uaSUpxb9XOYRzhF5IZsLor8wvbjyFR5IhtIbgUvVVm3UT8Yad4-HuXLEYo0XRCht5H87x6yq79mNzCZuPhr7-_l7LDB78WnwGsUWYqlW-wr45uB-n6GqUuo8TOWwKO0_KQTwAPH_ywWLVXHr2loQo0QUFSOXViFR-5O6CFKRVSqd4-RVsfm4xwZbq-aLYNxALzl70GYvT6AzPowjf1vpydHXUncenJkEw-F1zPmclEIhCH1bWEavnPsC05LmIOKgWXiLvq-xJ0wZy,20260701_184005_meet_alumnos_Registros_de_la_reunion__1_jul_2026_a_las_5_06_PM_CST.csv,adjunto_csv,[MEET ALUMNOS] Asistencia procesada - Registros de la reunión: 1 jul 2026 a las 5:06 PM CST,01/07/2026,01/07/2026 18:40,descargado,alumnos,CSV adjunto descargado
19f2025015be8ec6,attachment:ANGjdJ9dGjKD-Ha-d5OX7UA1VN27w54KS3eeSBlFWKpMc0CGCUopWky6j1u3p_940eFa--lOiBq7vAY3JwJgsZBgml91NCUSGlZnsEaHX4icJpU2nF-1jP2jMV7W9mYDWa90jod6zxOSSE3bPU_0JNyrCeysQ3W89gS4bFt4BMGC6mrQjkmXTHk7lI2_cUGJ4zVNf79l3V0l0jsP1Rr4QFZWFw10T2wV5FybWz8RxfAYeHDYjwkbaTd65Bh74e9HOB3smfeiuIcMEqEYPlLmDuSYEaj1kvAdO4Ee9vzcerJxhKFVR3gs7SDj1nWL4x5JCkh8aGKTrJZY5WTYxO3ypuX74hNF3Vk74hy3Ksu5qkCJ4-Tw8ZB0mT9ZvDEE2OVYEKr30nG22Fhuu3OYDogb,20260701_184005_meet_alumnos_Registros_de_la_reunion__1_jul_2026_a_las_5_10_PM_CST.csv,adjunto_csv,[MEET ALUMNOS] Asistencia procesada - Registros de la reunión: 1 jul 2026 a las 5:10 PM CST,01/07/2026,01/07/2026 18:40,descargado,alumnos,CSV adjunto descargado
19f2024f973e86b8,attachment:ANGjdJ8qnT6tK5lUuDU4ND8FBTqAnuzPAymhg111x2xO7qhow6A6JwbOCe5frplotvI9uPtwYDvp71lgERNqntdqeyGHoIESdh1N3qkeoWgOSUSmqABxWtAQMyNp-nvSM8FfsmZMyLNDhYXduip958QgcMcrnYXleOw9LpRNpo8gMUTYG_Fb18JandJ8avLW_2m1cKlO2KebJH78rEWLmacupKSirYSMeaTecI22SWNbZt0qGmywsI-aI0XtahFi9SnV2e2pukBes88U8M2S6i4091OGw4r_h2WEaUVr_Ka3eWdUTxL3OTxsyYlZ11CdRGlAs6w5S5SJAryH7PK3cC2bKqv3H7gc9ltQv667kybxYib6_kLXAdVYlL3VgqyMJVjggqr6w8eh8WH1oPYy,20260701_184006_meet_alumnos_Registros_de_la_reunion__1_jul_2026_a_las_5_50_PM_CST.csv,adjunto_csv,[MEET ALUMNOS] Asistencia procesada - Registros de la reunión: 1 jul 2026 a las 5:50 PM CST,01/07/2026,01/07/2026 18:40,descargado,alumnos,CSV adjunto descargado
19f2024ed550b583,attachment:ANGjdJ_QSfBaapoS2I1-io-Bnuc4qBMajOF3rE9E_jYAuFM7hHE041a28bAGEOZsuuDqtTpl-nJmpLZAoQZ-ZtB-15-jc5gIdTR1tbZe0yK4m2Tn6cQCFta8QxGcIlRfopmklDnB-0ABmCemsuoCB7Mt04le9QNeUCdM7VWqrZLQp-8xwlu7DprEP9A4mHn4Z2S7lmPxD2SA9syXLBOmGakCiXSVYLl0NbQXgadXKcuib7EUiRabK9k5w8fNrRXGq5bke9oBN3CjJ0IaNGzsEo0haTHeAH4KokPi6Qk609cdc-NXkE54Axu-K6ffFuh99tc8g5Bcv3wmSuuSRUeZXtjSbpajwBLmk1Fd5p8azgBrw66dl-6MMxESNCJyjEyTHFFLkXrUtDuAbDssuC_F,20260701_184006_meet_alumnos_Registros_de_la_reunion__1_jul_2026_a_las_5_53_PM_CST.csv,adjunto_csv,[MEET ALUMNOS] Asistencia procesada - Registros de la reunión: 1 jul 2026 a las 5:53 PM CST,01/07/2026,01/07/2026 18:40,descargado,alumnos,CSV adjunto descargado
19f2039b707ecf09,attachment:ANGjdJ9_GA-GXMTXo1mKhWzNDWMgjFNk-mVmyj-pHWA8anDcixVqeyNbuM9nuvQsQ5xAosyJ951-71avzIXA6WUETqX58v32F23SDBnb8ZPibPOQM34p4KUXUaYP6kheDH1ztUOV22_ua5IqwoPvqQPu2rYxvHRbtTZBJdEOEYjZqOPN1YoY0-ZsiuCjcnpAIf33GvlWnsHkFEos3sA5OQa6paH1GzZBgeIKrX1RfYnQ1vGjkaON_LdG0UDZwLCbi-65ifYgbv0WkUs7TFWag9lAHHCZpGcPQFHEMWEVtGNLq1xVvvYT6bzC2adE2afRcfcY35t1MUijvWuFlLg8yAv9gQBju3WKEMjZWum1zPy53Wr4AI77c0LQYFwMIfXdUzPgcY_wy5O5C_YjSIui,20260701_185159_meet_maestros_maestros_Registros_de_la_reunion__1_jul_2026_a_las_6_22_PM_CST.csv,adjunto_csv,[MEET MAESTROS] Asistencia procesada - Registros de la reunión: 1 jul 2026 a las 6:22 PM CST,01/07/2026,01/07/2026 18:51,descargado,maestros,CSV adjunto descargado
19f2031775ac2d12,attachment:ANGjdJ_ODgfE1sXjLbbwmnZHqhrt6JIfs7B9_kNvFQopEPhh1OJ9f7RfJA-Zt7qL2yyoTrIY90gRMqGyoXVWQ1GTLBDh09GOwxJ2z2foH9F5y4iaA9MSDkUBxFoirEJUromvKKBzokO_nab37nD2mjqeEQqgcMoWR0BUxKxSqVyfi0-IpA8JHLQH-6it0v_1llP0S-QCLoCKhz3IHXk2jLeMTkKJ9K9uCgPMYaX6o_FcHNAvDsSHAE-LUfPU92t303lCV6dk3dfNQ7biDgfTvJzYl9_u92DdNnSaner_EMZirQUq9NjXV5Dr1retcDm0vPcw1Em101QGD9i4djwgTMT_rey8fpSyzt-m7gcJeyW8sHAh1Z-SkyKmTpaNfGZ6y4PER6vHR8qPq3PFx885,20260701_185200_meet_alumnos_alumnos_Registros_de_la_reunion__1_jul_2026_a_las_1_32_PM_CST.csv,adjunto_csv,[MEET ALUMNOS] Asistencia procesada - Registros de la reunión: 1 jul 2026 a las 1:32 PM CST,01/07/2026,01/07/2026 18:52,descargado,alumnos,CSV adjunto descargado
19f20316bfcc242b,attachment:ANGjdJ_y2xglY_n-6NzwadSiGGtYYkqTXtOkFTm8OuSzZ1MxoDiXjtl6B1H7ZImn3UljP4J3F1m29kVCXr4kl7AP5XQgayXsdtsYt7wbZ2vLi_JJHdGABTLAz4oJyG65SAbV7FyuhPmRfqDiWrbb6u5iws5QBtW83IUPj3bm9LDBWoeEh8OrED1vDhHZFMnAAg4yikMADezmCMZ1FqPgwacHAyz3K-NA90TYs4BGHqZyLp9jFSrmkPt58wRzeoRsRiDwGsd9N466Px5nw3RAqoHlIEYBfIknq130kRjPBj3RAgMF5o_4Bd0BUMtvGR9De0mwQiXcQF54QilxSl-ercDV8t0cmgq--CkJ54vGx2lj2h8dsPqJTOAyGL-ZySSW6SubZYCxgpflVIGBm7dN,20260701_185200_meet_alumnos_alumnos_Registros_de_la_reunion__1_jul_2026_a_las_1_40_PM_CST.csv,adjunto_csv,[MEET ALUMNOS] Asistencia procesada - Registros de la reunión: 1 jul 2026 a las 1:40 PM CST,01/07/2026,01/07/2026 18:52,descargado,alumnos,CSV adjunto descargado
19f20315ef0c125a,attachment:ANGjdJ-__2ZZ3qOVZXn4KSPy2niEA-ENfa9_fY8LAQvoMY8raV7XPihQjSq_RIROZeKoJIgRRcsk8Jj_TBKopgRqzRmQpOPlfZhKLTAzIuR5uDb4YB76RSU6beEfjSEpvojAS_gFsVzv8tvgImZV0NpdjsEmFTQ6LQ4KzVwffSSTreVqaiYYIA0gGyZTLOv6Sjz8D8vaLeOe6-cZhCCkV7-vU-WogqJjaxbkqrisc-EyhjX4cXrBzkNlsOfXv9iYtXtr64H_aJF3lSIFnP3OPn7IkoeVl6FDzGrldtIxTiqBBsRabXyxmPYuUN_lkO0hHttg7l4IBurwae1sFmSp_Up4eW0W3XwDL6e0oE2HfuW_PeI2KhRp25CCSTfucFibu6GifRjRxIBcoBuBmgEu,20260701_185201_meet_alumnos_alumnos_Registros_de_la_reunion__1_jul_2026_a_las_4_58_PM_CST.csv,adjunto_csv,[MEET ALUMNOS] Asistencia procesada - Registros de la reunión: 1 jul 2026 a las 4:58 PM CST,01/07/2026,01/07/2026 18:52,descargado,alumnos,CSV adjunto descargado
19f203156652e7d3,attachment:ANGjdJ-bn6jn3U7DvgpohnUiSiQ8JPqtmsJm-P5xb3uGnG9tzzrKQLDtbfN35aDC-WvAflKIgtVwGcp2VGbrgvSYOaTVMd4fRbpdWzE2N4XxXjCK2rdxqXaNiyYN-NSm2qhnaxqG96gby3_jmZ-NWnEEfVYUfQgd4bDIX8BLvrHUMUAL1jnRKasHObp09CFvSXNtafHbSmHVWCiNQtXEZrQVPn0u91jHQvE7U7Vc7n8ZWfEK6ZdWr-9xRC0H6veYmyu9mwbTxHcDPrrtjLdOZFG4-3hdWWvC4jvPbxTT8bf9SGsGjcoL8U-daD8JGz7PUvfYaKgEHxLnc9AnWFGx3NFZmMiXaWHxA2Dl_1YBICEUhsw4flAkxYYduKDPYjY4nT9p4fXh3J0cSO6l4fyK,20260701_185201_meet_alumnos_alumnos_Registros_de_la_reunion__1_jul_2026_a_las_5_06_PM_CST.csv,adjunto_csv,[MEET ALUMNOS] Asistencia procesada - Registros de la reunión: 1 jul 2026 a las 5:06 PM CST,01/07/2026,01/07/2026 18:52,descargado,alumnos,CSV adjunto descargado
19f20314ad3bf3a9,attachment:ANGjdJ-aBE5QUHvAU8SY40oZCjwOH7VI4z4UF3TSPdGaa9v3NeNpJKfmHQbl3LTY3atlRowNGpUz2qMedCJcAids-BBb6_wVLJSJgmj7Xpw7YHnqivXFncGCmGhAurKqHBP40W-oiKqD6f1dZT-BpZ1uxd2QkaJGvoqlg8UnrDT8DklwlisE55PjXx3H9JNMMXyiw262gXP8T6WnPxsPBd-k0ZpaJ-et3MSjEBB8d1RS3_MSyr20cHG3BN0wKbD2otKhTihoC0BSoZQgdMEaLJFH351trwC0UD0cKc8OhzFx1Ql-o2EraFBuWjnBnZYPn1L1OgS7EgQV3bjpdONtXiTbyeJPWB97lPOEow7BbCAic1hf-dX6vopZ07tODajAU0qEvoqLYZJ7dZXPKWrY,20260701_185202_meet_alumnos_alumnos_Registros_de_la_reunion__1_jul_2026_a_las_5_10_PM_CST.csv,adjunto_csv,[MEET ALUMNOS] Asistencia procesada - Registros de la reunión: 1 jul 2026 a las 5:10 PM CST,01/07/2026,01/07/2026 18:52,descargado,alumnos,CSV adjunto descargado
19f203143dea21e3,attachment:ANGjdJ9l3j3Nc3wKrO1SIT-EMwdSb4AVzjuC8tBCZigEY6HsTawTc8aDH4sYd64aMP7xC46aAVAoVqHHsHBZKTwcfaD0gxDwkUQAg_z4_uZX8iEsFYf4SqnXY7imFt-H2w90zX97W6VxDYsRGil1V409mHgoIawxx3hEfa0sg7XmqY_FwvCRM94TrJsLrTvaF1SiJjCAEsFEnesHv0u8O5o2fV8L9UdFrje7q6oZAvj_1JDRBTKIjRuubkg9r8Yqqs5oGP41dJcSF6W6CRy53sHOpvXQgagixDvunjCRYe0dgW10sr2O-Y9LrRieog0bIxriognDiKzYkG9sGbpAXYRXq7f_rgG0aXRpgPLXiUvCpLws-sngsq2xrXGvloXsZg_uXUuWcNFPf_EXgCg4,20260701_185202_meet_alumnos_alumnos_Registros_de_la_reunion__1_jul_2026_a_las_5_50_PM_CST.csv,adjunto_csv,[MEET ALUMNOS] Asistencia procesada - Registros de la reunión: 1 jul 2026 a las 5:50 PM CST,01/07/2026,01/07/2026 18:52,descargado,alumnos,CSV adjunto descargado
19f203137bd4cd03,attachment:ANGjdJ9dccms7LUK3xo_L5a345_8yOqiZ05HimCjq0I92wyUniVoaD8WdWieIlzWpNSIGXjXX0Aath-O3dh_THbmFklWwrD9zXB1_wyShYhFaD-JtMFZys9l0924sSrwwqAzp2Z6Mp6Z-W1QqJnp9259-v0zPwTYOIpFf1o-iWzxDqgLnygFGGGIyRPF2xlpi08l820Scvy08RHPGQlY1XUIzelaX8gdPg5BmbG3Kx74WS-bSVA_0IXxCkMsuqzwViqumztVID7yKo1xEfv44Ps6-yuuuub1NbuAHJj1AvY9--dJnFUW1A0ikw9YMUWDgCLRdvaAJ55kGPUtqfqQd0eZ16IlcSXgFiaO6pDzOjszAdwTZ3vOpXRyyJRfsJi8yW8Wv4h3gd-qOOEHwQkt,20260701_185203_meet_alumnos_alumnos_Registros_de_la_reunion__1_jul_2026_a_las_5_53_PM_CST.csv,adjunto_csv,[MEET ALUMNOS] Asistencia procesada - Registros de la reunión: 1 jul 2026 a las 5:53 PM CST,01/07/2026,01/07/2026 18:52,descargado,alumnos,CSV adjunto descargado
19f20312a36b5ad0,attachment:ANGjdJ_rbIqFaYE4h1mBbvDkGzOAbxEii2dhPfrs-5LnE7zG0pu-GAQ6C08hRv0SbA6NyGBmJadfP86FlUGv3j9tFQ-oB0qMdj4p3MyBXCdhNLYybovrPyC6A0VJ73JNxgO_I_btqNK09-nHHQg_xJo1LOpLB47qMCuKsXfa0zvnW4GrNGyDcN6W2ZlyKur0NpTIDv303kYZnUvxS7CzBsjJ-8Dsg_s_iX8p8Mfy2WChU9oDeFlm4n3ma-sDx2pJq7vgyj8roGywe-oeIitb8JS9yMzgNbOJ9YybKzwi_pwQW5u_gvD26bEb1keGipfsvvFZkx3KqXSWUUpVBVSnMNV4ET2Xp5pnopPhRnM7fblpHolqDmlErqWZcLNA9Xpnl1qaWClp2wGJHxcVAwvt,20260701_185203_meet_alumnos_alumnos_Registros_de_la_reunion__1_jul_2026_a_las_5_58_PM_CST.csv,adjunto_csv,[MEET ALUMNOS] Asistencia procesada - Registros de la reunión: 1 jul 2026 a las 5:58 PM CST,01/07/2026,01/07/2026 18:52,descargado,alumnos,CSV adjunto descargado
19f20252b61230be,attachment:ANGjdJ9X326BeyfAWlJhLQc50o-i2So3DlxPoT-IU97DlNSuNrIGr4O2xqj1b5BzBLQ2ZW1YDE5C1uM3FONvPepdKZ7yf6lDFipfkYdE-VTI4kAeUjxU40Y4vk-UQUlBXd_UBAhQ3ieemcLds7_oL6agCvTIyaKbhkr96X-K7uVhV88JFC1F0YcO2JzZ-zOKe68PBjVUr3N9kmoJH0mKSkyHfV5VJPJFICi_DvARmBwMOStJTb62Bbpp_igcAwkmEwtfwMLLEt_mxC6tjHa7x7SJ57y_yu2aaxfY_q-UMD5NGJOStyMykVbc966WTXn3r_wZVsToNnfMMesV4mjnRQSF1MLst1irVRg6uP7yIUaCh3p32xWxUoqAhXZeFPGRr8AYqU5y0f3pHp3CAOgx,20260701_185204_meet_alumnos_Registros_de_la_reunion__1_jul_2026_a_las_1_32_PM_CST.csv,adjunto_csv,[MEET ALUMNOS] Asistencia procesada - Registros de la reunión: 1 jul 2026 a las 1:32 PM CST,01/07/2026,01/07/2026 18:52,descargado,alumnos,CSV adjunto descargado
19f2025213d5bc98,attachment:ANGjdJ8XHATzZbtmXjmpX7tKJVxsJyXu_UrXg56Q8ziHjrEbNZIAwmK1-g_x609xzDMmoib6Ges4c2h4jxFTI57ba1SXmMzW28lIOSz1-lErNOofA6dSUEOo1qnJXhj_U_W16JjdEiyOUqmLuZKrel8nOzKSc-6KMkUYPyOosSoVx_uhaO4eMrznxDdD7_ufu_S9Tv7NkZ7N1HZ2XFYt3h-mxLTMcD5n8pWOy2HGRuYX3yMmA89fsaJBUAVqkuF0kDeegg0Esm2kMYljZf1g6OZo-zgcQjw1u-rf8325FTtG7TxkyFwogOUIkiSqS-kF9KO7IkyNkFDl0QA_sqc_WANpjCMhBhUUcmH9Ia-wLFz4WeaRk920sabm1mwxEC5QZTdsQmaYF82bHkKYOPK_,20260701_185205_meet_alumnos_Registros_de_la_reunion__1_jul_2026_a_las_1_40_PM_CST.csv,adjunto_csv,[MEET ALUMNOS] Asistencia procesada - Registros de la reunión: 1 jul 2026 a las 1:40 PM CST,01/07/2026,01/07/2026 18:52,descargado,alumnos,CSV adjunto descargado
19f2025176e50683,attachment:ANGjdJ8eUOQTcVzjnhbg-2oGVW5gyYnGJGYi1X8rSczbB56DZ9jrTZl4_hj5Pfq75ufLWMFLE2-PIUSMR_kyp26A_UDSWcqYmZR4kTEjiQv7SOtOuA9ok9XTN60AQ18Y5qbSf3VnQqsaetLVss--iGldoohMyQxeZdXZn_MtDlg5TIY1Vpxsn1bGXQ_VWF8CarCpqrOLQX_IWFqhosYXQRGCuLS3sqYLuRtevq-1UvTzzzVTM9-5sXsyl5RFEMR0LjWDPM1PC9miJNAuJafVgtNJkTK1MsACmGJVOSJFHo83F_ppbuL93g3xYgGys9Ioius8adbSmmN8Hzw4wiaCBUklC-FGFX_sZDeaeZTBRebJBWnEN7qYbmPhCyVNZhtsS7R9LXqEnNq5KzGkvIER,20260701_185205_meet_alumnos_Registros_de_la_reunion__1_jul_2026_a_las_4_58_PM_CST.csv,adjunto_csv,[MEET ALUMNOS] Asistencia procesada - Registros de la reunión: 1 jul 2026 a las 4:58 PM CST,01/07/2026,01/07/2026 18:52,descargado,alumnos,CSV adjunto descargado
19f20250dbf98423,attachment:ANGjdJ_gdNqnH7qjOwtxpDPyIg3lOL1t9fUuVhp5ZFsXOsIu14mEw7VL-QLLkszjMt_QB3IU8QttkuCGNrX_j5_F1dp7dgIZCSYdDf4o7uJiUXVZAn0Zoblnx13DihT5TqGZaT6W3XAwph5lZDrw59q_5n_j2v9lssNCwXY7-tUCZvxJGZH_4BNThfJoCovA27sAqjtTzX_D-4gN9KXtxpusUHcUrRiALiMArf8fxo59qhLX8tEvo06Ie9U3b5kLwoegBJNrhyZOFxzCydIShGkOba2JsPDWgP8un6ja03Myw7aj37OuAvgMyrRR4lKYHPTiqo7cC79TZzim211PjqOhb0cB0YfjUMFfAfUBXe59_A-ZI0zPsaz1OfC1fj7bw-zm13bhGT5yf0Rb_A_I,20260701_185206_meet_alumnos_Registros_de_la_reunion__1_jul_2026_a_las_5_06_PM_CST.csv,adjunto_csv,[MEET ALUMNOS] Asistencia procesada - Registros de la reunión: 1 jul 2026 a las 5:06 PM CST,01/07/2026,01/07/2026 18:52,descargado,alumnos,CSV adjunto descargado
19f2025015be8ec6,attachment:ANGjdJ9OMhCvOxdexIlQEBERTVsDEwnToAyRkJwwvR3BV8S5PU0bfQq0BpEf1QNEdgureAQRDI_XQh3qp9mvV8WYO8gGZE7cZYKKszAJ5v-eCC-Wz1GZz4-vbyO3OhLnTm-PFEJTdR5G8gD2h8vjrRLhiR33T1W481CrRp4MqhqGjB1vqNDjkYsfmRXt3swW6P37lXjo1OCPFspYqQT61JtUty-duJhQ98z6I0lDFKBLukJs6HY7DwCcImAWYTGcy4KU8yJmQYvl_jgpK4aei9CoaRZbuLDAwCQXNyrt7BDiTSUn0y7GpnVCNrH5VLAZgcpI7vG7Is07SMtOW7cnFS6TLhKIVnlUhbR-2ec_7z-fRRvNu-MgdwFxCquLXHh8K39atF9Fqupb0Mx0zTUm,20260701_185206_meet_alumnos_Registros_de_la_reunion__1_jul_2026_a_las_5_10_PM_CST.csv,adjunto_csv,[MEET ALUMNOS] Asistencia procesada - Registros de la reunión: 1 jul 2026 a las 5:10 PM CST,01/07/2026,01/07/2026 18:52,descargado,alumnos,CSV adjunto descargado
19f2024f973e86b8,attachment:ANGjdJ9-sSXubnfcycSK5AWIAmuKEHN4BpaCA5J7A6CpSsonoZSMegs-KQ04mF9_Mi6vRpMXg6pYeTlC6lGVcEDdfw8OdlBfmdP1zxxdOeyAbeQ2ihW26JfFn97SsH8_ZWR9hvEyy-iciQUKB0Ix2YenEThX_qWcycjT_YR3OaD1-SoARmzG-zy8Bwt0sq3SnwnFxTymOZ7bDly484gY4cCJJpcQnh8rlDZzhGNPZvHtESndBLs-3HIYGg2yBOqU_CNz8O_VY4kMkFKdDJxI6tBw2dcxscbwvvnOViVQG9jicY0uTy6by5DMxWeQzxQpNzh0b89poiMqjePv7j_odrBDEzreEQIjhEyqrGWGgeXb8Z501B7dtLc1NY7lATi5P91VoG73i8FA6vQLWRU2,20260701_185207_meet_alumnos_Registros_de_la_reunion__1_jul_2026_a_las_5_50_PM_CST.csv,adjunto_csv,[MEET ALUMNOS] Asistencia procesada - Registros de la reunión: 1 jul 2026 a las 5:50 PM CST,01/07/2026,01/07/2026 18:52,descargado,alumnos,CSV adjunto descargado
19f2024ed550b583,attachment:ANGjdJ9NaQSV_zYbyTSHsNNpbtdo6FnvapjOCDn1ilyJHSEmw90I24u3hPmSquxK_FPvk9Y__J8WG8srpIFZGrLavBLqR685785l7UkAoP9mq13Rfr-rugoROolGxFqI_dFr-flGgx411VXWvEtuWcdF1nfHmc3Qv1LCvXqLpk4W-5Dd538ZF4wlNE2iAomVukuvyJ1868bItvfLWQSKfEJatkddrHLREWerc941cQd9qzPv3UeJeedyQh2VBUMgiEUDa31T-Y1s9M7H4qvvcZ_g3fb0th1DJEFn8TTmlqeUP9nI11sBIdhnj1O9bncZyNX52AyOB73ATJ2U_nuMRUSk4uWlNZTDtONJgy_LJ-t9MMSy_wM7irExJywcOhlaEqoscH608FkEGnZgxpfd,20260701_185207_meet_alumnos_Registros_de_la_reunion__1_jul_2026_a_las_5_53_PM_CST.csv,adjunto_csv,[MEET ALUMNOS] Asistencia procesada - Registros de la reunión: 1 jul 2026 a las 5:53 PM CST,01/07/2026,01/07/2026 18:52,descargado,alumnos,CSV adjunto descargado
